{
  "XGBoost": {
    "MAE": 0.3995503864031279,
    "RMSE": 0.5579565287109532,
    "MAPE": 12153.027213010984,
    "R2": 0.6746248654168076
  },
  "RandomForest": {
    "MAE": 0.38506932255202114,
    "RMSE": 0.5382187972714132,
    "MAPE": 11719.33771548302,
    "R2": 0.6972380064374772
  },
  "LSTM": {
    "MAE": 0.3246535658836365,
    "RMSE": 0.42268049716949463,
    "MAPE": 11015.145874023438,
    "R2": 0.8119767010211945
  },
  "Transformer": {
    "MAE": 0.39018702507019043,
    "RMSE": 0.5082159042358398,
    "MAPE": 14644.857788085938,
    "R2": 0.7281785607337952
  },
  "CNN-Transformer": {
    "MAE": 0.4853378236293793,
    "RMSE": 0.6447136998176575,
    "MAPE": 4564.94255065918,
    "R2": 0.5625573992729187
  }
}